URL,Journal_Title,Article_Title,Abstract,Author_name,Standardized_Author,Author_University,Author_State,Author_Country
URL,Journal_Title,Article_Title,Abstract,Author_name,Standardized_Author,Author_University,Author_State,Author_Country
https://aisel.aisnet.org/jais/vol26/iss1/10,Journal of the Association for Information Systems,Legal Compliance and the Open Texture of Law,No Abstract,Arto Lanamäki,Arto Lanamaki,University of Oulu,Northern Ostrobothnia,Finland
https://aisel.aisnet.org/jais/vol26/iss1/10,Journal of the Association for Information Systems,Legal Compliance and the Open Texture of Law,No Abstract,Mika Viljanen,Mika Viljanen,University of Turku,Varsinais-Suomi,Finland
https://aisel.aisnet.org/jais/vol26/iss1/10,Journal of the Association for Information Systems,Legal Compliance and the Open Texture of Law,No Abstract,Karin Väyrynen,Karin Vayrynen,University of Oulu,Northern Ostrobothnia,Finland
https://aisel.aisnet.org/jais/vol26/iss1/10,Journal of the Association for Information Systems,Legal Compliance and the Open Texture of Law,No Abstract,Lyria Bennett Moses,Lyria Bennett Moses,University of New South Wales,New South Wales,Australia
https://aisel.aisnet.org/jais/vol26/iss1/9,Journal of the Association for Information Systems,"Ecological Validity in NeuroIS Research: Theory, Evidence, and a Roadmap for Future Studies",No Abstract,Ali Balapour,Ali Balapour,Northern Kentucky University,Kentucky,United States
https://aisel.aisnet.org/jais/vol26/iss1/9,Journal of the Association for Information Systems,"Ecological Validity in NeuroIS Research: Theory, Evidence, and a Roadmap for Future Studies",No Abstract,René Riedl,Rene Riedl,University of Applied Sciences Upper Austria,Upper Austria,Austria
https://aisel.aisnet.org/jais/vol26/iss1/8,Journal of the Association for Information Systems,Digital Infrastructure Development Through Digital Infrastructuring Work: An Institutional Work Perspective,No Abstract,Adrian Yeow,Adrian Yeow,Singapore University of Social Sciences,Singapore,Singapore
https://aisel.aisnet.org/jais/vol26/iss1/8,Journal of the Association for Information Systems,Digital Infrastructure Development Through Digital Infrastructuring Work: An Institutional Work Perspective,No Abstract,Wee-Kiat Lim,Wee-Kiat Lim,Singapore Management University,Singapore,Singapore
https://aisel.aisnet.org/jais/vol26/iss1/8,Journal of the Association for Information Systems,Digital Infrastructure Development Through Digital Infrastructuring Work: An Institutional Work Perspective,No Abstract,Samer Faraj,Samer Faraj,McGill University,Quebec,Canada
https://aisel.aisnet.org/jais/vol26/iss1/7,Journal of the Association for Information Systems,Making Sense of Discursive Formations and Program Shifts in Large-Scale Digital Infrastructures,No Abstract,Egil Øvrelid,Egil Ovrelid,University of Oslo,Oslo,Norway
https://aisel.aisnet.org/jais/vol26/iss1/7,Journal of the Association for Information Systems,Making Sense of Discursive Formations and Program Shifts in Large-Scale Digital Infrastructures,No Abstract,Bendik Bygstad,Bendik Bygstad,University of Oslo,Oslo,Norway
https://aisel.aisnet.org/jais/vol26/iss1/7,Journal of the Association for Information Systems,Making Sense of Discursive Formations and Program Shifts in Large-Scale Digital Infrastructures,No Abstract,Ole Hanseth,Ole Hanseth,University of Oslo,Oslo,Norway
https://aisel.aisnet.org/jais/vol26/iss1/6,Journal of the Association for Information Systems,Uncovering the Structural Assurance Mechanisms in Blockchain Technology-Enabled Online Healthcare Mutual Aid Platforms,No Abstract,Zhen Shao,Zhen Shao,Harbin Institute of Technology,Heilongjiang,China
https://aisel.aisnet.org/jais/vol26/iss1/6,Journal of the Association for Information Systems,Uncovering the Structural Assurance Mechanisms in Blockchain Technology-Enabled Online Healthcare Mutual Aid Platforms,No Abstract,Lin Zhang,Lin Zhang,Northwestern Polytechnical University,Shaanxi,China
https://aisel.aisnet.org/jais/vol26/iss1/6,Journal of the Association for Information Systems,Uncovering the Structural Assurance Mechanisms in Blockchain Technology-Enabled Online Healthcare Mutual Aid Platforms,No Abstract,Susan A. Brown,Susan A. Brown,University of Arizona,Arizona,United States
https://aisel.aisnet.org/jais/vol26/iss1/6,Journal of the Association for Information Systems,Uncovering the Structural Assurance Mechanisms in Blockchain Technology-Enabled Online Healthcare Mutual Aid Platforms,No Abstract,Jose Benitez,Jose Benitez,Kent State University,Ohio,United States
https://aisel.aisnet.org/jais/vol26/iss1/5,Journal of the Association for Information Systems,Do Good and Do No Harm Too: Employee-Related Corporate Social (Ir)responsibility and Information Security Performance,No Abstract,Qian Wang,Qian Wang,University of Macau,Macau,China
https://aisel.aisnet.org/jais/vol26/iss1/5,Journal of the Association for Information Systems,Do Good and Do No Harm Too: Employee-Related Corporate Social (Ir)responsibility and Information Security Performance,No Abstract,Dan Pienta,Dan Pienta,"University of Tennessee, Knoxville",Tennessee,United States
https://aisel.aisnet.org/jais/vol26/iss1/5,Journal of the Association for Information Systems,Do Good and Do No Harm Too: Employee-Related Corporate Social (Ir)responsibility and Information Security Performance,No Abstract,Shenyang Jiang,Shenyang JiangTongji University,Shenyang Jianzhu University,Liaoning,China
https://aisel.aisnet.org/jais/vol26/iss1/5,Journal of the Association for Information Systems,Do Good and Do No Harm Too: Employee-Related Corporate Social (Ir)responsibility and Information Security Performance,No Abstract,Eric W. T. Ngai,Eric W. T. Ngai,The Hong Kong Polytechnic University,Hong Kong,Hong Kong
https://aisel.aisnet.org/jais/vol26/iss1/5,Journal of the Association for Information Systems,Do Good and Do No Harm Too: Employee-Related Corporate Social (Ir)responsibility and Information Security Performance,No Abstract,Jason Bennett Thatcher,Jason Bennett Thatcher,University of Colorado Boulder,Colorado,United States
https://aisel.aisnet.org/jais/vol26/iss1/4,Journal of the Association for Information Systems,Shadows and Screens: Exploring the Impact of Astroturfing as a Facet of Fake Reviews in the Movie Industry’s Social Media Dynamics,No Abstract,Xueyan Yin,Xueyan Yin,City University of Hong Kong,Hong Kong,Hong Kong
https://aisel.aisnet.org/jais/vol26/iss1/4,Journal of the Association for Information Systems,Shadows and Screens: Exploring the Impact of Astroturfing as a Facet of Fake Reviews in the Movie Industry’s Social Media Dynamics,No Abstract,Ying Liu,Ying Liu,University of Massachusetts Amherst,Massachusetts,United States
https://aisel.aisnet.org/jais/vol26/iss1/4,Journal of the Association for Information Systems,Shadows and Screens: Exploring the Impact of Astroturfing as a Facet of Fake Reviews in the Movie Industry’s Social Media Dynamics,No Abstract,Pei-yu Chen,Pei-yu Chen,Arizona State University,Arizona,United States
https://aisel.aisnet.org/jais/vol26/iss1/4,Journal of the Association for Information Systems,Shadows and Screens: Exploring the Impact of Astroturfing as a Facet of Fake Reviews in the Movie Industry’s Social Media Dynamics,No Abstract,Zhan Shi,Zhan Shi,Arizona State University,Arizona,United States
https://aisel.aisnet.org/jais/vol26/iss1/3,Journal of the Association for Information Systems,Mobile App Startups and New Entry Threats: The Role of Performance Signals,No Abstract,Franck Soh,Franck Soh,Texas Christian University,Texas,United States
https://aisel.aisnet.org/jais/vol26/iss1/3,Journal of the Association for Information Systems,Mobile App Startups and New Entry Threats: The Role of Performance Signals,No Abstract,Varun Grover,Varun Grover,University of Arkansas,Arkansas,United States
https://aisel.aisnet.org/jais/vol26/iss1/2,Journal of the Association for Information Systems,From Detractors to Enhancers: Harnessing the Power of Ad Customization for User Engagement on Media Websites,No Abstract,Martin Adam,Martin Adam,University of Göttingen,Lower Saxony,Germany
https://aisel.aisnet.org/jais/vol26/iss1/2,Journal of the Association for Information Systems,From Detractors to Enhancers: Harnessing the Power of Ad Customization for User Engagement on Media Websites,No Abstract,Dominick Kosin,Dominick Kosin,McKinsey & Company,Unknown,United States
https://aisel.aisnet.org/jais/vol26/iss1/2,Journal of the Association for Information Systems,From Detractors to Enhancers: Harnessing the Power of Ad Customization for User Engagement on Media Websites,No Abstract,Alexander Benlian,Alexander Benlian,Technical University of Darmstadt,Hesse,Germany
https://aisel.aisnet.org/jais/vol26/iss1/1,Journal of the Association for Information Systems,Experience Curves in Reward-Based Crowdfunding: An Empirical Study of Serial Creators,No Abstract,Nianxin Wang,Nianxin Wang,Jiangsu University of Science and Technology,Jiangsu,China
https://aisel.aisnet.org/jais/vol26/iss1/1,Journal of the Association for Information Systems,Experience Curves in Reward-Based Crowdfunding: An Empirical Study of Serial Creators,No Abstract,Qingxiang Li,Qingxiang Li,Jiangsu University of Science and Technology,Jiangsu,China
https://aisel.aisnet.org/jais/vol26/iss1/1,Journal of the Association for Information Systems,Experience Curves in Reward-Based Crowdfunding: An Empirical Study of Serial Creators,No Abstract,Huigang Liang,Huigang Liang,University of Memphis,Tennessee,United States
https://aisel.aisnet.org/jais/vol26/iss1/1,Journal of the Association for Information Systems,Experience Curves in Reward-Based Crowdfunding: An Empirical Study of Serial Creators,No Abstract,Hao Hu,Hao Hu,Wuxi University,Jiangsu,China
https://aisel.aisnet.org/jais/vol26/iss1/1,Journal of the Association for Information Systems,Experience Curves in Reward-Based Crowdfunding: An Empirical Study of Serial Creators,No Abstract,Yi Wang,Yi Wang,Southwestern University of Finance and Economics,Sichuan,China
https://aisel.aisnet.org/jais/vol26/iss2/10,Journal of the Association for Information Systems,Policy for Sociotechnical Gen AI Assessment: Leveraging End Users,No Abstract,Ju Yeon Jung,Ju Yeon Jung,University of Notre Dame,Indiana,United States
https://aisel.aisnet.org/jais/vol26/iss2/10,Journal of the Association for Information Systems,Policy for Sociotechnical Gen AI Assessment: Leveraging End Users,No Abstract,Susan J. Winter,Susan J. Winter,University of Maryland,Maryland,United States
https://aisel.aisnet.org/jais/vol26/iss2/9,Journal of the Association for Information Systems,Judging a Book by Its Cover: Understanding the Phenomenon of Fake News Propagation from an Evolutionary Psychology Perspective,No Abstract,Ashish Kumar Jha,Ashish Kumar Jha,Trinity College Dublin,Dublin,Ireland
https://aisel.aisnet.org/jais/vol26/iss2/9,Journal of the Association for Information Systems,Judging a Book by Its Cover: Understanding the Phenomenon of Fake News Propagation from an Evolutionary Psychology Perspective,No Abstract,Rohit Nishant,Rohit Nishant,Queen's University Belfast,Northern Ireland,United Kingdom
https://aisel.aisnet.org/jais/vol26/iss2/8,Journal of the Association for Information Systems,Umpires of Social Media: A Systems Science Analysis of Facebook’s Sociotechnical Content Moderation,No Abstract,Anna Zaitsev,Anna Zaitsev,University of Tampa,Florida,United States
https://aisel.aisnet.org/jais/vol26/iss2/7,Journal of the Association for Information Systems,Structural Holes and Peer Knowledge Production in Professional Q&A Communities: A Middle-Range Theory of User Engagement,No Abstract,Langtao Chen,Langtao Chen,University of Tulsa,Oklahoma,United States
https://aisel.aisnet.org/jais/vol26/iss2/7,Journal of the Association for Information Systems,Structural Holes and Peer Knowledge Production in Professional Q&A Communities: A Middle-Range Theory of User Engagement,No Abstract,Aaron Baird,Aaron Baird,Georgia State University,Georgia,United States
https://aisel.aisnet.org/jais/vol26/iss2/7,Journal of the Association for Information Systems,Structural Holes and Peer Knowledge Production in Professional Q&A Communities: A Middle-Range Theory of User Engagement,No Abstract,Detmar Straub,Detmar Straub,Temple University,Pennsylvania,United States
https://aisel.aisnet.org/jais/vol26/iss2/6,Journal of the Association for Information Systems,Technocognitive Structuration: Modeling the Role of Cognitive Structures in Technology Adaptation,No Abstract,Rob Gleasure,Rob Gleasure,Copenhagen Business School,Capital Region,Denmark
https://aisel.aisnet.org/jais/vol26/iss2/6,Journal of the Association for Information Systems,Technocognitive Structuration: Modeling the Role of Cognitive Structures in Technology Adaptation,No Abstract,Kieran Conboy,Kieran Conboy,National University of Ireland Galway,Galway,Ireland
https://aisel.aisnet.org/jais/vol26/iss2/6,Journal of the Association for Information Systems,Technocognitive Structuration: Modeling the Role of Cognitive Structures in Technology Adaptation,No Abstract,Qiqi Jiang,Qiqi Jiang,Copenhagen Business School,Capital Region,Denmark
https://aisel.aisnet.org/jais/vol26/iss2/5,Journal of the Association for Information Systems,When Everyone Is Visible No One Is: Qualifications Visibility and Labor Matching Technologies in Labor Search,No Abstract,Robert G. Fichman,Robert G. Fichman,Boston College,Massachusetts,United States
https://aisel.aisnet.org/jais/vol26/iss2/4,Journal of the Association for Information Systems,How to Develop IT Ambidexterity: Insights from the Perspective of CIO-TMT Mutual Communication,No Abstract,Nianxin Wang,Nianxin Wang,Jiangsu University of Science and Technology,Jiangsu,China
https://aisel.aisnet.org/jais/vol26/iss2/4,Journal of the Association for Information Systems,How to Develop IT Ambidexterity: Insights from the Perspective of CIO-TMT Mutual Communication,No Abstract,Hao Hu,Hao Hu,Wuxi University,Jiangsu,China
https://aisel.aisnet.org/jais/vol26/iss2/4,Journal of the Association for Information Systems,How to Develop IT Ambidexterity: Insights from the Perspective of CIO-TMT Mutual Communication,No Abstract,Huigang Liang,Huigang Liang,University of Memphis,Tennessee,United States
https://aisel.aisnet.org/jais/vol26/iss2/4,Journal of the Association for Information Systems,How to Develop IT Ambidexterity: Insights from the Perspective of CIO-TMT Mutual Communication,No Abstract,Yajiong Xue,Yajiong Xue,East Carolina University,North Carolina,United States
https://aisel.aisnet.org/jais/vol26/iss2/3,Journal of the Association for Information Systems,The Trade-Offs in Promoting Equity-Focused Initiatives in Crowdfunding,No Abstract,Lauren Rhue,Lauren Rhue,University of Maryland,Maryland,United States
https://aisel.aisnet.org/jais/vol26/iss2/2,Journal of the Association for Information Systems,Falling from Grace: Understanding Successful Crowdfunding Experiences in Serial Entrepreneurship,No Abstract,Lusi Yang,Lusi Yang,Georgia State University,Georgia,United States
https://aisel.aisnet.org/jais/vol26/iss2/2,Journal of the Association for Information Systems,Falling from Grace: Understanding Successful Crowdfunding Experiences in Serial Entrepreneurship,No Abstract,David W. Lehman,David W. Lehman,University of Virginia,Virginia,United States
https://aisel.aisnet.org/jais/vol26/iss2/2,Journal of the Association for Information Systems,Falling from Grace: Understanding Successful Crowdfunding Experiences in Serial Entrepreneurship,No Abstract,Zhiyi Wang,Zhiyi Wang,University of Colorado Boulder,Colorado,United States
https://aisel.aisnet.org/jais/vol26/iss2/1,Journal of the Association for Information Systems,"Sunk Cost Fallacy, Price Adjustment, and Subscription Services for Information Goods",No Abstract,Mingyue Zhang,Mingyue Zhang,Shanghai International Studies University,Shanghai,China
https://aisel.aisnet.org/jais/vol26/iss2/1,Journal of the Association for Information Systems,"Sunk Cost Fallacy, Price Adjustment, and Subscription Services for Information Goods",No Abstract,Jesse Bockstedt,Jesse Bockstedt,Emory University,Georgia,United States
https://aisel.aisnet.org/jais/vol26/iss2/1,Journal of the Association for Information Systems,"Sunk Cost Fallacy, Price Adjustment, and Subscription Services for Information Goods",No Abstract,Tingting Song,Tingting Song,Shanghai Jiao Tong University,Shanghai,China
https://aisel.aisnet.org/jais/vol26/iss2/1,Journal of the Association for Information Systems,"Sunk Cost Fallacy, Price Adjustment, and Subscription Services for Information Goods",No Abstract,Xuan Wei,Xuan Wei,Shanghai Jiao Tong University,Shanghai,China
https://aisel.aisnet.org/jais/vol26/iss3/10,Journal of the Association for Information Systems,Health Analytics and IS Theorizing,No Abstract,Aaron Baird,Aaron Baird,Georgia State University,Georgia,United States
https://aisel.aisnet.org/jais/vol26/iss3/10,Journal of the Association for Information Systems,Health Analytics and IS Theorizing,No Abstract,Yusen Xia,Yusen Xia,Georgia State University,Georgia,United States
https://aisel.aisnet.org/jais/vol26/iss3/10,Journal of the Association for Information Systems,Health Analytics and IS Theorizing,No Abstract,Rajiv Kohli,Rajiv Kohli,College of William & Mary,Virginia,United States
https://aisel.aisnet.org/jais/vol26/iss3/9,Journal of the Association for Information Systems,An Organizational Routines Theory of Employee Well-Being: Explaining the Love-Hate Relationship Between Electronic Health Records and Clinicians,No Abstract,Ankita Srivastava,Ankita Srivastava,Bentley University,Massachusetts,United States
https://aisel.aisnet.org/jais/vol26/iss3/9,Journal of the Association for Information Systems,An Organizational Routines Theory of Employee Well-Being: Explaining the Love-Hate Relationship Between Electronic Health Records and Clinicians,No Abstract,Surya Ayyalasomayajula,Surya Ayyalasomayajula,Arizona State University,Arizona,United States
https://aisel.aisnet.org/jais/vol26/iss3/9,Journal of the Association for Information Systems,An Organizational Routines Theory of Employee Well-Being: Explaining the Love-Hate Relationship Between Electronic Health Records and Clinicians,No Abstract,Chenzhang Bao,Chenzhang Bao,Oklahoma State University,Oklahoma,United States
https://aisel.aisnet.org/jais/vol26/iss3/9,Journal of the Association for Information Systems,An Organizational Routines Theory of Employee Well-Being: Explaining the Love-Hate Relationship Between Electronic Health Records and Clinicians,No Abstract,Sezgin Ayabakan,Sezgin Ayabakan,Temple University,Pennsylvania,United States
https://aisel.aisnet.org/jais/vol26/iss3/9,Journal of the Association for Information Systems,An Organizational Routines Theory of Employee Well-Being: Explaining the Love-Hate Relationship Between Electronic Health Records and Clinicians,No Abstract,Dursun Delen,Dursun Delen,Oklahoma State University,Oklahoma,United States
https://aisel.aisnet.org/jais/vol26/iss3/8,Journal of the Association for Information Systems,Human Behavior Mining: A Framework for Theorizing About mHealth Behavior Using Digital Trace Data,No Abstract,Monica Fallon,Monica Fallon,University of Mannheim,Baden-Württemberg,Germany
https://aisel.aisnet.org/jais/vol26/iss3/8,Journal of the Association for Information Systems,Human Behavior Mining: A Framework for Theorizing About mHealth Behavior Using Digital Trace Data,No Abstract,Jana-Rebecca Rehse,Jana-Rebecca Rehse,University of Mannheim,Baden-Württemberg,Germany
https://aisel.aisnet.org/jais/vol26/iss3/8,Journal of the Association for Information Systems,Human Behavior Mining: A Framework for Theorizing About mHealth Behavior Using Digital Trace Data,No Abstract,Armin Heinzl,Armin Heinzl,University of Mannheim,Baden-Württemberg,Germany
https://aisel.aisnet.org/jais/vol26/iss3/7,Journal of the Association for Information Systems,Boosting or Undermining? Unveiling the Two-Sided Effect of Updates in Medical Crowdfunding Campaigns,No Abstract,Chenzhang Bao,Chenzhang Bao,Oklahoma State University,Oklahoma,United States
https://aisel.aisnet.org/jais/vol26/iss3/7,Journal of the Association for Information Systems,Boosting or Undermining? Unveiling the Two-Sided Effect of Updates in Medical Crowdfunding Campaigns,No Abstract,Min Kyung Lee,Min Kyung Lee,Baylor University,Texas,United States
https://aisel.aisnet.org/jais/vol26/iss3/7,Journal of the Association for Information Systems,Boosting or Undermining? Unveiling the Two-Sided Effect of Updates in Medical Crowdfunding Campaigns,No Abstract,Wen Zhang,Wen Zhang,Baylor University,Texas,United States
https://aisel.aisnet.org/jais/vol26/iss3/6,Journal of the Association for Information Systems,"Does Workforce Diversity, Equity, and Inclusion Prevent Patient Safety Incidents? A Double Machine Learning Approach",No Abstract,Yichuan Wang,Yichuan Wang,University of Sheffield,South Yorkshire,United Kingdom
https://aisel.aisnet.org/jais/vol26/iss3/6,Journal of the Association for Information Systems,"Does Workforce Diversity, Equity, and Inclusion Prevent Patient Safety Incidents? A Double Machine Learning Approach",No Abstract,Jiao Ji,Jiao Ji,University of Sheffield,South Yorkshire,United Kingdom
https://aisel.aisnet.org/jais/vol26/iss3/6,Journal of the Association for Information Systems,"Does Workforce Diversity, Equity, and Inclusion Prevent Patient Safety Incidents? A Double Machine Learning Approach",No Abstract,Minhao Zhang,Minhao Zhang,University of Bristol,Bristol,United Kingdom
https://aisel.aisnet.org/jais/vol26/iss3/6,Journal of the Association for Information Systems,"Does Workforce Diversity, Equity, and Inclusion Prevent Patient Safety Incidents? A Double Machine Learning Approach",No Abstract,Xiaojun Wang,Xiaojun Wang,University of Birmingham,West Midlands,United Kingdom
https://aisel.aisnet.org/jais/vol26/iss3/5,Journal of the Association for Information Systems,What Is Augmented? A Metanarrative Review of AI-Based Augmentation,No Abstract,Inès Baer,Ines Baer,Vrije Universiteit Amsterdam,North Holland,Netherlands
https://aisel.aisnet.org/jais/vol26/iss3/5,Journal of the Association for Information Systems,What Is Augmented? A Metanarrative Review of AI-Based Augmentation,No Abstract,Lauren Waardenburg,Lauren Waardenburg,ESSEC Business School,Île-de-France,France
https://aisel.aisnet.org/jais/vol26/iss3/5,Journal of the Association for Information Systems,What Is Augmented? A Metanarrative Review of AI-Based Augmentation,No Abstract,Marleen Huysman,Marleen Huysman,Vrije Universiteit Amsterdam,North Holland,Netherlands
https://aisel.aisnet.org/jais/vol26/iss3/4,Journal of the Association for Information Systems,Enhancing Customer Service Chatbot Effectiveness: The Effect of Dyadic Communication Traits on Customer Purchase Intention,No Abstract,Ran Tan,Ran Tan,University of Science and Technology of China,Hefei,China
https://aisel.aisnet.org/jais/vol26/iss3/4,Journal of the Association for Information Systems,Enhancing Customer Service Chatbot Effectiveness: The Effect of Dyadic Communication Traits on Customer Purchase Intention,No Abstract,Yang Li,Yang Li,Hefei University of Technology,Anhui,China
https://aisel.aisnet.org/jais/vol26/iss3/4,Journal of the Association for Information Systems,Enhancing Customer Service Chatbot Effectiveness: The Effect of Dyadic Communication Traits on Customer Purchase Intention,No Abstract,Qian Huang,Qian Huang,University of Science and Technology of China,Hefei,China
https://aisel.aisnet.org/jais/vol26/iss3/4,Journal of the Association for Information Systems,Enhancing Customer Service Chatbot Effectiveness: The Effect of Dyadic Communication Traits on Customer Purchase Intention,No Abstract,Hefu Liu,Hefu Liu,University of Science and Technology of China,Anhui,China
https://aisel.aisnet.org/jais/vol26/iss3/3,Journal of the Association for Information Systems,Computationally Intensive Research: Advancing a Role for Secondary Analysis of Qualitative Data,No Abstract,Kaveh Mohajeri,Kaveh Mohajeri,IESEG School of Management,Not Available,France
https://aisel.aisnet.org/jais/vol26/iss3/3,Journal of the Association for Information Systems,Computationally Intensive Research: Advancing a Role for Secondary Analysis of Qualitative Data,No Abstract,Amir Karami,Amir Karami,University of Alabama at Birmingham,Alabama,United States
https://aisel.aisnet.org/jais/vol26/iss3/2,Journal of the Association for Information Systems,Polarization or Bias: Take Your Click on Social Media,No Abstract,Debabrata Dey,Debabrata Dey,University of Kansas,Kansas,United States
https://aisel.aisnet.org/jais/vol26/iss3/2,Journal of the Association for Information Systems,Polarization or Bias: Take Your Click on Social Media,No Abstract,Atanu Lahiri,Atanu Lahiri,University of Texas at Dallas,Texas,United States
https://aisel.aisnet.org/jais/vol26/iss3/2,Journal of the Association for Information Systems,Polarization or Bias: Take Your Click on Social Media,No Abstract,Rajiv Mukherjee,Rajiv Mukherjee,Texas A&M University,Texas,United States
https://aisel.aisnet.org/jais/vol26/iss3/1,Journal of the Association for Information Systems,Achieving Reward-Based Crowdfunding Project Success: An Examination of Value Congruence,No Abstract,Bright Frimpong,Bright Frimpong,Washington and Lee University,Virginia,United States
https://aisel.aisnet.org/jais/vol26/iss3/1,Journal of the Association for Information Systems,Achieving Reward-Based Crowdfunding Project Success: An Examination of Value Congruence,No Abstract,Emmanuel Ayaburi,Emmanuel Ayaburi,Baylor University,Texas,United States
https://aisel.aisnet.org/jais/vol26/iss3/1,Journal of the Association for Information Systems,Achieving Reward-Based Crowdfunding Project Success: An Examination of Value Congruence,No Abstract,Francis Kofi Andoh-Baidoo,Francis Kofi Andoh-Baidoo,University of Texas Rio Grande Valley,Texas,United States
https://aisel.aisnet.org/jais/vol26/iss4/10,Journal of the Association for Information Systems,"Journal of the Association for Information Systems, 25 Years In: Letting a Thousand Flowers Bloom and Keeping the Fences",No Abstract,Monideepa Tarafdar,Monideepa Tarafdar,University of Massachusetts Amherst,Massachusetts,United States
https://aisel.aisnet.org/jais/vol26/iss4/10,Journal of the Association for Information Systems,"Journal of the Association for Information Systems, 25 Years In: Letting a Thousand Flowers Bloom and Keeping the Fences",No Abstract,Hui Hao,Hui Hao,University of Memphis,Tennessee,United States
https://aisel.aisnet.org/jais/vol26/iss4/10,Journal of the Association for Information Systems,"Journal of the Association for Information Systems, 25 Years In: Letting a Thousand Flowers Bloom and Keeping the Fences",No Abstract,Guohou Shan,Guohou Shan,Northeastern University,Massachusetts,United States
https://aisel.aisnet.org/jais/vol26/iss4/9,Journal of the Association for Information Systems,Corporate Nomads: Working at the Boundary Between Corporate Work and Digital Nomadism,No Abstract,Julian Marx,Julian Marx,The University of Melbourne,Victoria,Australia
https://aisel.aisnet.org/jais/vol26/iss4/9,Journal of the Association for Information Systems,Corporate Nomads: Working at the Boundary Between Corporate Work and Digital Nomadism,No Abstract,Milad Mirbabaie,Milad Mirbabaie,University of Bamberg,Bavaria,Germany
https://aisel.aisnet.org/jais/vol26/iss4/9,Journal of the Association for Information Systems,Corporate Nomads: Working at the Boundary Between Corporate Work and Digital Nomadism,No Abstract,Stefan Stieglitz,Stefan Stieglitz,University of Potsdam,Brandenburg,Germany
https://aisel.aisnet.org/jais/vol26/iss4/8,Journal of the Association for Information Systems,Persuading Chronically Ill Patients to Subscribe to Medical Services in Physician-Driven Online Health Communities,No Abstract,Yan Li,Yan Li,Central University of Finance and Economics,Beijing,China
https://aisel.aisnet.org/jais/vol26/iss4/8,Journal of the Association for Information Systems,Persuading Chronically Ill Patients to Subscribe to Medical Services in Physician-Driven Online Health Communities,No Abstract,Haiyun (Melody) Zou,Haiyun Zou,University of Warwick,Warwickshire,United Kingdom
https://aisel.aisnet.org/jais/vol26/iss4/8,Journal of the Association for Information Systems,Persuading Chronically Ill Patients to Subscribe to Medical Services in Physician-Driven Online Health Communities,No Abstract,Juhee Kwon,Juhee Kwon,City University of Hong Kong,Hong Kong,Hong Kong
https://aisel.aisnet.org/jais/vol26/iss4/8,Journal of the Association for Information Systems,Persuading Chronically Ill Patients to Subscribe to Medical Services in Physician-Driven Online Health Communities,No Abstract,Yulin Fang,Yulin Fang,University of Hong Kong,Hong Kong,Hong Kong
https://aisel.aisnet.org/jais/vol26/iss4/7,Journal of the Association for Information Systems,Data Control Coordination in the Formation of Ecosystems in Highly Regulated Sectors,No Abstract,Paolo Spagnoletti,Paolo Spagnoletti,Luiss University,Lazio,Italy
https://aisel.aisnet.org/jais/vol26/iss4/7,Journal of the Association for Information Systems,Data Control Coordination in the Formation of Ecosystems in Highly Regulated Sectors,No Abstract,Niloofar Kazemargi,Niloofar Kazemargi,D'Annunzio University,Abruzzo,Italy
https://aisel.aisnet.org/jais/vol26/iss4/7,Journal of the Association for Information Systems,Data Control Coordination in the Formation of Ecosystems in Highly Regulated Sectors,No Abstract,Panos Constantinides,Panos Constantinides,University of Manchester,Greater Manchester,United Kingdom
https://aisel.aisnet.org/jais/vol26/iss4/7,Journal of the Association for Information Systems,Data Control Coordination in the Formation of Ecosystems in Highly Regulated Sectors,No Abstract,Andrea Prencipe,Andrea Prencipe,Luiss University,Lazio,Italy
https://aisel.aisnet.org/jais/vol26/iss4/6,Journal of the Association for Information Systems,Capturing the “Social” in Social Networks: The Conceptualization and Empirical Application of Relational Quality,No Abstract,Christian Meske,Christian Meske,Ruhr University Bochum,North Rhine-Westphalia,Germany
https://aisel.aisnet.org/jais/vol26/iss4/6,Journal of the Association for Information Systems,Capturing the “Social” in Social Networks: The Conceptualization and Empirical Application of Relational Quality,No Abstract,Iris Junglas,Iris Junglas,College of Charleston,South Carolina,United States
https://aisel.aisnet.org/jais/vol26/iss4/6,Journal of the Association for Information Systems,Capturing the “Social” in Social Networks: The Conceptualization and Empirical Application of Relational Quality,No Abstract,Matthias Trier,Matthias Trier,University of Paderborn,North Rhine-Westphalia,Germany
https://aisel.aisnet.org/jais/vol26/iss4/6,Journal of the Association for Information Systems,Capturing the “Social” in Social Networks: The Conceptualization and Empirical Application of Relational Quality,No Abstract,Johannes Schneider,Johannes Schneider,University of Liechtenstein,Vaduz,Liechtenstein
https://aisel.aisnet.org/jais/vol26/iss4/6,Journal of the Association for Information Systems,Capturing the “Social” in Social Networks: The Conceptualization and Empirical Application of Relational Quality,No Abstract,Roope Jaakonmäki,Roope Jaakonmaki,Hilti Group,Unknown,Unknown
https://aisel.aisnet.org/jais/vol26/iss4/6,Journal of the Association for Information Systems,Capturing the “Social” in Social Networks: The Conceptualization and Empirical Application of Relational Quality,No Abstract,Jan vom Brocke,Jan Vom Brocke,University of Muenster,North Rhine-Westphalia,Germany
https://aisel.aisnet.org/jais/vol26/iss4/5,Journal of the Association for Information Systems,Why Do We Follow Virtual Influencer Recommendations? Three Theoretical Explanations from Brain Data Tested with Self-Reports,No Abstract,Anika Nissen,Anika Nissen,FernUniversität in Hagen,North Rhine-Westphalia,Germany
https://aisel.aisnet.org/jais/vol26/iss4/5,Journal of the Association for Information Systems,Why Do We Follow Virtual Influencer Recommendations? Three Theoretical Explanations from Brain Data Tested with Self-Reports,No Abstract,Colin Conrad,Colin Conrad,Dalhousie University,Nova Scotia,Canada
https://aisel.aisnet.org/jais/vol26/iss4/5,Journal of the Association for Information Systems,Why Do We Follow Virtual Influencer Recommendations? Three Theoretical Explanations from Brain Data Tested with Self-Reports,No Abstract,Isabella Seeber,Isabella Seeber,Grenoble Ecole de Management,Auvergne-Rhône-Alpes,France
https://aisel.aisnet.org/jais/vol26/iss4/5,Journal of the Association for Information Systems,Why Do We Follow Virtual Influencer Recommendations? Three Theoretical Explanations from Brain Data Tested with Self-Reports,No Abstract,Aaron J. Newman,Aaron J. Newman,Dalhousie University,Nova Scotia,Canada
https://aisel.aisnet.org/jais/vol26/iss4/4,Journal of the Association for Information Systems,How Sentiment Divergence in Influencers’ Multimodal Social Media Posts Shapes Follower Engagement?,No Abstract,Reza Alibakhshi,Reza Alibakhshi,IE University,Community of Madrid,Spain
https://aisel.aisnet.org/jais/vol26/iss4/4,Journal of the Association for Information Systems,How Sentiment Divergence in Influencers’ Multimodal Social Media Posts Shapes Follower Engagement?,No Abstract,Shirish C. Srivastava,Shirish Srivastava,HEC Paris,Île-de-France,France
https://aisel.aisnet.org/jais/vol26/iss4/3,Journal of the Association for Information Systems,Examining Solver Performance in Crowdsourcing Contests: Does Ambidexterity Matter?,No Abstract,Hua (Jonathan) Ye,Hua Ye,University of Oklahoma,Oklahoma,United States
https://aisel.aisnet.org/jais/vol26/iss4/3,Journal of the Association for Information Systems,Examining Solver Performance in Crowdsourcing Contests: Does Ambidexterity Matter?,No Abstract,Atreyi Kankanhalli,Atreyi Kankanhalli,National University of Singapore,Singapore,Singapore
https://aisel.aisnet.org/jais/vol26/iss4/3,Journal of the Association for Information Systems,Examining Solver Performance in Crowdsourcing Contests: Does Ambidexterity Matter?,No Abstract,Bernard C. Y. Tan,Bernard Tan,National University of Singapore,Singapore,Singapore
https://aisel.aisnet.org/jais/vol26/iss4/2,Journal of the Association for Information Systems,"Virtual Reality, Mental Models, and Mindful Decision-Making",No Abstract,Heshan Sun,Heshan Sun,University of Oklahoma,Oklahoma,United States
https://aisel.aisnet.org/jais/vol26/iss4/2,Journal of the Association for Information Systems,"Virtual Reality, Mental Models, and Mindful Decision-Making",No Abstract,Siyuan Li,Siyuan Li,College of William & Mary,Virginia,United States
https://aisel.aisnet.org/jais/vol26/iss4/2,Journal of the Association for Information Systems,"Virtual Reality, Mental Models, and Mindful Decision-Making",No Abstract,"Shih-Lun ""Allen"" Tseng",Shih-Lun Allen Tseng,Cleveland State University,Ohio,United States
https://aisel.aisnet.org/jais/vol26/iss4/2,Journal of the Association for Information Systems,"Virtual Reality, Mental Models, and Mindful Decision-Making",No Abstract,Mary A. Peterson,Mary A. Peterson,University of Arizona,Arizona,United States
https://aisel.aisnet.org/jais/vol26/iss4/1,Journal of the Association for Information Systems,Empowering Marginalized Communities: A Framework for Social Inclusion,No Abstract,Israr Qureshi,Israr Qureshi,Australian National University,Australian Capital Territory,Australia
https://aisel.aisnet.org/jais/vol26/iss4/1,Journal of the Association for Information Systems,Empowering Marginalized Communities: A Framework for Social Inclusion,No Abstract,Babita Bhatt,Babita Bhatt,Australian National University,Australian Capital Territory,Australia
https://aisel.aisnet.org/jais/vol26/iss4/1,Journal of the Association for Information Systems,Empowering Marginalized Communities: A Framework for Social Inclusion,No Abstract,Shena Shaikh,Shena Shaikh,Indian Institute of Technology Bombay,Maharashtra,India
https://aisel.aisnet.org/jais/vol26/iss5/10,Journal of the Association for Information Systems,Digital Responsibility: Current Perspectives and Future Directions,No Abstract,Jan Recker,Jan Recker,University of Hamburg,Hamburg,Germany
https://aisel.aisnet.org/jais/vol26/iss5/10,Journal of the Association for Information Systems,Digital Responsibility: Current Perspectives and Future Directions,No Abstract,Sutirtha Chatterjee,Sutirtha Chatterjee,"University of Nevada, Las Vegas",Nevada,United States
https://aisel.aisnet.org/jais/vol26/iss5/10,Journal of the Association for Information Systems,Digital Responsibility: Current Perspectives and Future Directions,No Abstract,Janina Sundermeier,Janina Sundermeier,Freie Universität Berlin,Berlin,Germany
https://aisel.aisnet.org/jais/vol26/iss5/10,Journal of the Association for Information Systems,Digital Responsibility: Current Perspectives and Future Directions,No Abstract,Monideepa Tarafdar,Monideepa Tarafdar,University of Massachusetts Amherst,Massachusetts,United States
https://aisel.aisnet.org/jais/vol26/iss5/9,Journal of the Association for Information Systems,An Empirical Investigation of Cloud Computing and Environmental Performance of Nations: Implications for Shared Responsibility in Cloud Computing,No Abstract,Jooho Kim,Jooho Kim,"Baruch College, City University of New York",New York,United States
https://aisel.aisnet.org/jais/vol26/iss5/9,Journal of the Association for Information Systems,An Empirical Investigation of Cloud Computing and Environmental Performance of Nations: Implications for Shared Responsibility in Cloud Computing,No Abstract,Jiyong Park,Jiyong Park,University of Georgia,Georgia,United States
https://aisel.aisnet.org/jais/vol26/iss5/9,Journal of the Association for Information Systems,An Empirical Investigation of Cloud Computing and Environmental Performance of Nations: Implications for Shared Responsibility in Cloud Computing,No Abstract,Jason Dedrick,Jason Dedrick,Syracuse University,New York,United States
https://aisel.aisnet.org/jais/vol26/iss5/8,Journal of the Association for Information Systems,The Effects of IP Address Revelation on Location-Based Name-Calling and User Engagement: Evidence From a Chinese Online Platform,No Abstract,Yuxin Zhang,Yuxin Zhang,Wayne State University,Michigan,United States
https://aisel.aisnet.org/jais/vol26/iss5/8,Journal of the Association for Information Systems,The Effects of IP Address Revelation on Location-Based Name-Calling and User Engagement: Evidence From a Chinese Online Platform,No Abstract,Dafeng Xu,Dafeng Xu,University of Washington,Washington,United States
https://aisel.aisnet.org/jais/vol26/iss5/7,Journal of the Association for Information Systems,Navigating Value Conflicts: How Developers at Varied Levels of Moral Development Approach Decision-Making in Information Systems Development,No Abstract,Khalid Durani,Khalid Durani,University of Innsbruck,Tyrol,Austria
https://aisel.aisnet.org/jais/vol26/iss5/7,Journal of the Association for Information Systems,Navigating Value Conflicts: How Developers at Varied Levels of Moral Development Approach Decision-Making in Information Systems Development,No Abstract,Andreas Eckhardt,Andreas Eckhardt,University of Innsbruck,Tyrol,Austria
https://aisel.aisnet.org/jais/vol26/iss5/7,Journal of the Association for Information Systems,Navigating Value Conflicts: How Developers at Varied Levels of Moral Development Approach Decision-Making in Information Systems Development,No Abstract,Tim Kollmer,Tim Kollmer,University of Innsbruck,Tyrol,Austria
https://aisel.aisnet.org/jais/vol26/iss5/6,Journal of the Association for Information Systems,"Responsible AI Design: The Authenticity, Control, Transparency Theory",No Abstract,Andrea Rivera,Andrea Rivera,University of Hawaii at Manoa,Hawaii,United States
https://aisel.aisnet.org/jais/vol26/iss5/6,Journal of the Association for Information Systems,"Responsible AI Design: The Authenticity, Control, Transparency Theory",No Abstract,Kaveh Abhari,Kaveh Abhari,San Diego State University,California,United States
https://aisel.aisnet.org/jais/vol26/iss5/6,Journal of the Association for Information Systems,"Responsible AI Design: The Authenticity, Control, Transparency Theory",No Abstract,Bo Xiao,Bo Xiao,University of Hawaii at Manoa,Hawaii,United States
https://aisel.aisnet.org/jais/vol26/iss5/5,Journal of the Association for Information Systems,What Goals Drive Employees’ Information Systems Security Behaviors? A Mixed Methods Study of Employees’ Goals in the Workplace,No Abstract,Sebastian Schuetz,Sebastian Schuetz,University of Colorado Boulder,Colorado,United States
https://aisel.aisnet.org/jais/vol26/iss5/5,Journal of the Association for Information Systems,What Goals Drive Employees’ Information Systems Security Behaviors? A Mixed Methods Study of Employees’ Goals in the Workplace,No Abstract,Heiko Gewald,Heiko Gewald,Neu-Ulm University of Applied Sciences,Bavaria,Germany
https://aisel.aisnet.org/jais/vol26/iss5/5,Journal of the Association for Information Systems,What Goals Drive Employees’ Information Systems Security Behaviors? A Mixed Methods Study of Employees’ Goals in the Workplace,No Abstract,Allen Johnston,Allen Johnston,University of Alabama,Alabama,United States
https://aisel.aisnet.org/jais/vol26/iss5/5,Journal of the Association for Information Systems,What Goals Drive Employees’ Information Systems Security Behaviors? A Mixed Methods Study of Employees’ Goals in the Workplace,No Abstract,Jason Bennett Thatcher,Jason Bennett Thatcher,University of Colorado Boulder,Colorado,United States
https://aisel.aisnet.org/jais/vol26/iss5/4,Journal of the Association for Information Systems,CIO Structural Power and Corporate Social Performance,No Abstract,Cong Feng,Cong Feng,University of Mississippi,Mississippi,United States
https://aisel.aisnet.org/jais/vol26/iss5/4,Journal of the Association for Information Systems,CIO Structural Power and Corporate Social Performance,No Abstract,Pankaj C. Patel,Pankaj C. Patel,Villanova University,Pennsylvania,United States
https://aisel.aisnet.org/jais/vol26/iss5/4,Journal of the Association for Information Systems,CIO Structural Power and Corporate Social Performance,No Abstract,Scott Fay,Scott Fay,Syracuse University,New York,United States
https://aisel.aisnet.org/jais/vol26/iss5/4,Journal of the Association for Information Systems,CIO Structural Power and Corporate Social Performance,No Abstract,Huigang Liang,Huigang Liang,University of Memphis,Tennessee,United States
https://aisel.aisnet.org/jais/vol26/iss5/3,Journal of the Association for Information Systems,Unlocking the Power of User Tie Strength: A Multistudy on Cross-Platform Content Sharing Behaviors,No Abstract,Jie Su,Jie Su,Wuhan University,Hubei,China
https://aisel.aisnet.org/jais/vol26/iss5/3,Journal of the Association for Information Systems,Unlocking the Power of User Tie Strength: A Multistudy on Cross-Platform Content Sharing Behaviors,No Abstract,Xin (Robert) Luo,Xin Luo,University of New Mexico,New Mexico,United States
https://aisel.aisnet.org/jais/vol26/iss5/3,Journal of the Association for Information Systems,Unlocking the Power of User Tie Strength: A Multistudy on Cross-Platform Content Sharing Behaviors,No Abstract,Han Li,Han Li,University of New Mexico,New Mexico,United States
https://aisel.aisnet.org/jais/vol26/iss5/3,Journal of the Association for Information Systems,Unlocking the Power of User Tie Strength: A Multistudy on Cross-Platform Content Sharing Behaviors,No Abstract,Haowen Xiao,Haowen Xia,Hainan University,Hainan,China
https://aisel.aisnet.org/jais/vol26/iss5/2,Journal of the Association for Information Systems,From Links to Likes: Evidence From a Social Commerce Platform,No Abstract,Xiaoye Cheng,Xiaoye Cheng,University of Delaware,Delaware,United States
https://aisel.aisnet.org/jais/vol26/iss5/2,Journal of the Association for Information Systems,From Links to Likes: Evidence From a Social Commerce Platform,No Abstract,Hillol Bala,Hillol Bala,Indiana University,Indiana,United States
https://aisel.aisnet.org/jais/vol26/iss5/2,Journal of the Association for Information Systems,From Links to Likes: Evidence From a Social Commerce Platform,No Abstract,Xue (Jane) Tan,Xue Tan,Southern Methodist University,Texas,United States
https://aisel.aisnet.org/jais/vol26/iss5/1,Journal of the Association for Information Systems,GASP: A Graph Augmentation-Based Approach for Sign Prediction of Ties in Social Networks,No Abstract,Mukul Gupta,Mukul Gupta,Indian Institute of Management Indore,Madhya Pradesh,India
https://aisel.aisnet.org/jais/vol26/iss5/1,Journal of the Association for Information Systems,GASP: A Graph Augmentation-Based Approach for Sign Prediction of Ties in Social Networks,No Abstract,Samrat Gupta,Samrat Gupta,Indian Institute of Management Ahmedabad,Gujarat,India
https://aisel.aisnet.org/jais/vol26/iss5/1,Journal of the Association for Information Systems,GASP: A Graph Augmentation-Based Approach for Sign Prediction of Ties in Social Networks,No Abstract,Giri Kumar Tayi,Giri Kumar Tayi,"University at Albany, SUNY",New York,United States
