Title,Year,Issue,ArticleURL,Abstract,Author_Name,Author_University
Legal Compliance and the Open Texture of Law,2025,Issue 1,https://aisel.aisnet.org/jais/vol26/iss1/10,No Abstract,Arto Lanamäki,University of Oulu
Legal Compliance and the Open Texture of Law,2025,Issue 1,https://aisel.aisnet.org/jais/vol26/iss1/10,No Abstract,Mika Viljanen,University of Turku
Legal Compliance and the Open Texture of Law,2025,Issue 1,https://aisel.aisnet.org/jais/vol26/iss1/10,No Abstract,Karin Väyrynen,University of Oulu
Legal Compliance and the Open Texture of Law,2025,Issue 1,https://aisel.aisnet.org/jais/vol26/iss1/10,No Abstract,Lyria Bennett Moses,UNSW Sydney
"Ecological Validity in NeuroIS Research: Theory, Evidence, and a Roadmap for Future Studies",2025,Issue 1,https://aisel.aisnet.org/jais/vol26/iss1/9,No Abstract,Ali Balapour,Northern Kentucky University
"Ecological Validity in NeuroIS Research: Theory, Evidence, and a Roadmap for Future Studies",2025,Issue 1,https://aisel.aisnet.org/jais/vol26/iss1/9,No Abstract,René Riedl,University of Applied Sciences Upper Austria / Johannes Kepler University Linz
Digital Infrastructure Development Through Digital Infrastructuring Work: An Institutional Work Perspective,2025,Issue 1,https://aisel.aisnet.org/jais/vol26/iss1/8,No Abstract,Adrian Yeow,Singapore University of Social Sciences
Digital Infrastructure Development Through Digital Infrastructuring Work: An Institutional Work Perspective,2025,Issue 1,https://aisel.aisnet.org/jais/vol26/iss1/8,No Abstract,Wee-Kiat Lim,Singapore Management University
Digital Infrastructure Development Through Digital Infrastructuring Work: An Institutional Work Perspective,2025,Issue 1,https://aisel.aisnet.org/jais/vol26/iss1/8,No Abstract,Samer Faraj,McGill University
Making Sense of Discursive Formations and Program Shifts in Large-Scale Digital Infrastructures,2025,Issue 1,https://aisel.aisnet.org/jais/vol26/iss1/7,No Abstract,Egil Øvrelid,University of Oslo
Making Sense of Discursive Formations and Program Shifts in Large-Scale Digital Infrastructures,2025,Issue 1,https://aisel.aisnet.org/jais/vol26/iss1/7,No Abstract,Bendik Bygstad,University of Oslo
Making Sense of Discursive Formations and Program Shifts in Large-Scale Digital Infrastructures,2025,Issue 1,https://aisel.aisnet.org/jais/vol26/iss1/7,No Abstract,Ole Hanseth,University of Oslo
Uncovering the Structural Assurance Mechanisms in Blockchain Technology-Enabled Online Healthcare Mutual Aid Platforms,2025,Issue 1,https://aisel.aisnet.org/jais/vol26/iss1/6,No Abstract,Zhen Shao,Harbin Institute of Technology
Uncovering the Structural Assurance Mechanisms in Blockchain Technology-Enabled Online Healthcare Mutual Aid Platforms,2025,Issue 1,https://aisel.aisnet.org/jais/vol26/iss1/6,No Abstract,Lin Zhang,Northwestern Polytechnical University
Uncovering the Structural Assurance Mechanisms in Blockchain Technology-Enabled Online Healthcare Mutual Aid Platforms,2025,Issue 1,https://aisel.aisnet.org/jais/vol26/iss1/6,No Abstract,Susan A. Brown,University of Arizona
Uncovering the Structural Assurance Mechanisms in Blockchain Technology-Enabled Online Healthcare Mutual Aid Platforms,2025,Issue 1,https://aisel.aisnet.org/jais/vol26/iss1/6,No Abstract,Jose Benitez,Kent State University
Do Good and Do No Harm Too: Employee-Related Corporate Social (Ir)responsibility and Information Security Performance,2025,Issue 1,https://aisel.aisnet.org/jais/vol26/iss1/5,No Abstract,Qian Wang,University of Macau
Do Good and Do No Harm Too: Employee-Related Corporate Social (Ir)responsibility and Information Security Performance,2025,Issue 1,https://aisel.aisnet.org/jais/vol26/iss1/5,No Abstract,Dan Pienta,"University of Tennessee, Knoxville"
Do Good and Do No Harm Too: Employee-Related Corporate Social (Ir)responsibility and Information Security Performance,2025,Issue 1,https://aisel.aisnet.org/jais/vol26/iss1/5,No Abstract,Shenyang Jiang,Tongji University
Do Good and Do No Harm Too: Employee-Related Corporate Social (Ir)responsibility and Information Security Performance,2025,Issue 1,https://aisel.aisnet.org/jais/vol26/iss1/5,No Abstract,Eric W. T. Ngai,The Hong Kong Polytechnic University
Do Good and Do No Harm Too: Employee-Related Corporate Social (Ir)responsibility and Information Security Performance,2025,Issue 1,https://aisel.aisnet.org/jais/vol26/iss1/5,No Abstract,Jason Bennett Thatcher,University of Colorado Boulder / University of Manchester
Shadows and Screens: Exploring the Impact of Astroturfing as a Facet of Fake Reviews in the Movie Industry’s Social Media Dynamics,2025,Issue 1,https://aisel.aisnet.org/jais/vol26/iss1/4,No Abstract,Xueyan Yin,City University of Hong Kong
Shadows and Screens: Exploring the Impact of Astroturfing as a Facet of Fake Reviews in the Movie Industry’s Social Media Dynamics,2025,Issue 1,https://aisel.aisnet.org/jais/vol26/iss1/4,No Abstract,Ying Liu,University of Massachusetts Amherst
Shadows and Screens: Exploring the Impact of Astroturfing as a Facet of Fake Reviews in the Movie Industry’s Social Media Dynamics,2025,Issue 1,https://aisel.aisnet.org/jais/vol26/iss1/4,No Abstract,Pei-yu Chen,Arizona State University
Shadows and Screens: Exploring the Impact of Astroturfing as a Facet of Fake Reviews in the Movie Industry’s Social Media Dynamics,2025,Issue 1,https://aisel.aisnet.org/jais/vol26/iss1/4,No Abstract,Zhan Shi,Arizona State University
Mobile App Startups and New Entry Threats: The Role of Performance Signals,2025,Issue 1,https://aisel.aisnet.org/jais/vol26/iss1/3,No Abstract,Franck Soh,Texas Christian University
Mobile App Startups and New Entry Threats: The Role of Performance Signals,2025,Issue 1,https://aisel.aisnet.org/jais/vol26/iss1/3,No Abstract,Varun Grover,University of Arkansas
From Detractors to Enhancers: Harnessing the Power of Ad Customization for User Engagement on Media Websites,2025,Issue 1,https://aisel.aisnet.org/jais/vol26/iss1/2,No Abstract,Martin Adam,University of Goettingen
From Detractors to Enhancers: Harnessing the Power of Ad Customization for User Engagement on Media Websites,2025,Issue 1,https://aisel.aisnet.org/jais/vol26/iss1/2,No Abstract,Dominick Kosin,McKinsey & Company
From Detractors to Enhancers: Harnessing the Power of Ad Customization for User Engagement on Media Websites,2025,Issue 1,https://aisel.aisnet.org/jais/vol26/iss1/2,No Abstract,Alexander Benlian,Technical University of Darmstadt
Experience Curves in Reward-Based Crowdfunding: An Empirical Study of Serial Creators,2025,Issue 1,https://aisel.aisnet.org/jais/vol26/iss1/1,No Abstract,Nianxin Wang,Jiangsu University of Science and Technology
Experience Curves in Reward-Based Crowdfunding: An Empirical Study of Serial Creators,2025,Issue 1,https://aisel.aisnet.org/jais/vol26/iss1/1,No Abstract,Qingxiang Li,Jiangsu University of Science and Technology
Experience Curves in Reward-Based Crowdfunding: An Empirical Study of Serial Creators,2025,Issue 1,https://aisel.aisnet.org/jais/vol26/iss1/1,No Abstract,Huigang Liang,University of Memphis
Experience Curves in Reward-Based Crowdfunding: An Empirical Study of Serial Creators,2025,Issue 1,https://aisel.aisnet.org/jais/vol26/iss1/1,No Abstract,Hao Hu,Wuxi University
Experience Curves in Reward-Based Crowdfunding: An Empirical Study of Serial Creators,2025,Issue 1,https://aisel.aisnet.org/jais/vol26/iss1/1,No Abstract,Yi Wang,Southwestern University of Finance and Economics
Policy for Sociotechnical Gen AI Assessment: Leveraging End Users,2025,Issue 2,https://aisel.aisnet.org/jais/vol26/iss2/10,No Abstract,Ju Yeon Jung,Notre Dame-IBM Technology Ethics Lab
Policy for Sociotechnical Gen AI Assessment: Leveraging End Users,2025,Issue 2,https://aisel.aisnet.org/jais/vol26/iss2/10,No Abstract,Susan J. Winter,University of Maryland
Judging a Book by Its Cover: Understanding the Phenomenon of Fake News Propagation from an Evolutionary Psychology Perspective,2025,Issue 2,https://aisel.aisnet.org/jais/vol26/iss2/9,No Abstract,Ashish Kumar Jha,Trinity College Dublin
Judging a Book by Its Cover: Understanding the Phenomenon of Fake News Propagation from an Evolutionary Psychology Perspective,2025,Issue 2,https://aisel.aisnet.org/jais/vol26/iss2/9,No Abstract,Rohit Nishant,Queen’s University Belfast
Umpires of Social Media: A Systems Science Analysis of Facebook’s Sociotechnical Content Moderation,2025,Issue 2,https://aisel.aisnet.org/jais/vol26/iss2/8,No Abstract,Anna Zaitsev,University of Tampa
Structural Holes and Peer Knowledge Production in Professional Q&A Communities: A Middle-Range Theory of User Engagement,2025,Issue 2,https://aisel.aisnet.org/jais/vol26/iss2/7,No Abstract,Langtao Chen,The University of Tulsa
Structural Holes and Peer Knowledge Production in Professional Q&A Communities: A Middle-Range Theory of User Engagement,2025,Issue 2,https://aisel.aisnet.org/jais/vol26/iss2/7,No Abstract,Aaron Baird,Georgia State University
Structural Holes and Peer Knowledge Production in Professional Q&A Communities: A Middle-Range Theory of User Engagement,2025,Issue 2,https://aisel.aisnet.org/jais/vol26/iss2/7,No Abstract,Detmar Straub,Temple University
Technocognitive Structuration: Modeling the Role of Cognitive Structures in Technology Adaptation,2025,Issue 2,https://aisel.aisnet.org/jais/vol26/iss2/6,No Abstract,Rob Gleasure,Copenhagen Business School
Technocognitive Structuration: Modeling the Role of Cognitive Structures in Technology Adaptation,2025,Issue 2,https://aisel.aisnet.org/jais/vol26/iss2/6,No Abstract,Kieran Conboy,University of Galway
Technocognitive Structuration: Modeling the Role of Cognitive Structures in Technology Adaptation,2025,Issue 2,https://aisel.aisnet.org/jais/vol26/iss2/6,No Abstract,Qiqi Jiang,Copenhagen Business School
When Everyone Is Visible No One Is: Qualifications Visibility and Labor Matching Technologies in Labor Search,2025,Issue 2,https://aisel.aisnet.org/jais/vol26/iss2/5,No Abstract,Robert G. Fichman,Boston College
How to Develop IT Ambidexterity: Insights from the Perspective of CIO-TMT Mutual Communication,2025,Issue 2,https://aisel.aisnet.org/jais/vol26/iss2/4,No Abstract,Nianxin Wang,Jiangsu University of Science and Technology
How to Develop IT Ambidexterity: Insights from the Perspective of CIO-TMT Mutual Communication,2025,Issue 2,https://aisel.aisnet.org/jais/vol26/iss2/4,No Abstract,Hao Hu,Wuxi University
How to Develop IT Ambidexterity: Insights from the Perspective of CIO-TMT Mutual Communication,2025,Issue 2,https://aisel.aisnet.org/jais/vol26/iss2/4,No Abstract,Huigang Liang,University of Memphis
How to Develop IT Ambidexterity: Insights from the Perspective of CIO-TMT Mutual Communication,2025,Issue 2,https://aisel.aisnet.org/jais/vol26/iss2/4,No Abstract,Yajiong Xue,East Carolina University
The Trade-Offs in Promoting Equity-Focused Initiatives in Crowdfunding,2025,Issue 2,https://aisel.aisnet.org/jais/vol26/iss2/3,No Abstract,Lauren Rhue,University of Maryland
Falling from Grace: Understanding Successful Crowdfunding Experiences in Serial Entrepreneurship,2025,Issue 2,https://aisel.aisnet.org/jais/vol26/iss2/2,No Abstract,Lusi Yang,Georgia State University
Falling from Grace: Understanding Successful Crowdfunding Experiences in Serial Entrepreneurship,2025,Issue 2,https://aisel.aisnet.org/jais/vol26/iss2/2,No Abstract,David W. Lehman,University of Virginia
Falling from Grace: Understanding Successful Crowdfunding Experiences in Serial Entrepreneurship,2025,Issue 2,https://aisel.aisnet.org/jais/vol26/iss2/2,No Abstract,Zhiyi Wang,University of Colorado Boulder
"Sunk Cost Fallacy, Price Adjustment, and Subscription Services for Information Goods",2025,Issue 2,https://aisel.aisnet.org/jais/vol26/iss2/1,No Abstract,Mingyue Zhang,Shanghai International Studies University
"Sunk Cost Fallacy, Price Adjustment, and Subscription Services for Information Goods",2025,Issue 2,https://aisel.aisnet.org/jais/vol26/iss2/1,No Abstract,Jesse Bockstedt,Emory University
"Sunk Cost Fallacy, Price Adjustment, and Subscription Services for Information Goods",2025,Issue 2,https://aisel.aisnet.org/jais/vol26/iss2/1,No Abstract,Tingting Song,Shanghai Jiao Tong University
"Sunk Cost Fallacy, Price Adjustment, and Subscription Services for Information Goods",2025,Issue 2,https://aisel.aisnet.org/jais/vol26/iss2/1,No Abstract,Xuan Wei,Shanghai Jiao Tong University
Health Analytics and IS Theorizing,2025,Issue 3,https://aisel.aisnet.org/jais/vol26/iss3/10,No Abstract,Aaron Baird,Georgia State University
Health Analytics and IS Theorizing,2025,Issue 3,https://aisel.aisnet.org/jais/vol26/iss3/10,No Abstract,Yusen Xia,Georgia State University
Health Analytics and IS Theorizing,2025,Issue 3,https://aisel.aisnet.org/jais/vol26/iss3/10,No Abstract,Rajiv Kohli,William and Mary
An Organizational Routines Theory of Employee Well-Being: Explaining the Love-Hate Relationship Between Electronic Health Records and Clinicians,2025,Issue 3,https://aisel.aisnet.org/jais/vol26/iss3/9,No Abstract,Ankita Srivastava,Bentley University
An Organizational Routines Theory of Employee Well-Being: Explaining the Love-Hate Relationship Between Electronic Health Records and Clinicians,2025,Issue 3,https://aisel.aisnet.org/jais/vol26/iss3/9,No Abstract,Surya Ayyalasomayajula,Arizona State University
An Organizational Routines Theory of Employee Well-Being: Explaining the Love-Hate Relationship Between Electronic Health Records and Clinicians,2025,Issue 3,https://aisel.aisnet.org/jais/vol26/iss3/9,No Abstract,Chenzhang Bao,Oklahoma State University
An Organizational Routines Theory of Employee Well-Being: Explaining the Love-Hate Relationship Between Electronic Health Records and Clinicians,2025,Issue 3,https://aisel.aisnet.org/jais/vol26/iss3/9,No Abstract,Sezgin Ayabakan,Temple University
An Organizational Routines Theory of Employee Well-Being: Explaining the Love-Hate Relationship Between Electronic Health Records and Clinicians,2025,Issue 3,https://aisel.aisnet.org/jais/vol26/iss3/9,No Abstract,Dursun Delen,Oklahoma State University / Istinye University
Human Behavior Mining: A Framework for Theorizing About mHealth Behavior Using Digital Trace Data,2025,Issue 3,https://aisel.aisnet.org/jais/vol26/iss3/8,No Abstract,Monica Fallon,University of Mannheim
Human Behavior Mining: A Framework for Theorizing About mHealth Behavior Using Digital Trace Data,2025,Issue 3,https://aisel.aisnet.org/jais/vol26/iss3/8,No Abstract,Jana-Rebecca Rehse,University of Mannheim
Human Behavior Mining: A Framework for Theorizing About mHealth Behavior Using Digital Trace Data,2025,Issue 3,https://aisel.aisnet.org/jais/vol26/iss3/8,No Abstract,Armin Heinzl,University of Mannheim
Boosting or Undermining? Unveiling the Two-Sided Effect of Updates in Medical Crowdfunding Campaigns,2025,Issue 3,https://aisel.aisnet.org/jais/vol26/iss3/7,No Abstract,Chenzhang Bao,Oklahoma State University
Boosting or Undermining? Unveiling the Two-Sided Effect of Updates in Medical Crowdfunding Campaigns,2025,Issue 3,https://aisel.aisnet.org/jais/vol26/iss3/7,No Abstract,Min Kyung Lee,Baylor University
Boosting or Undermining? Unveiling the Two-Sided Effect of Updates in Medical Crowdfunding Campaigns,2025,Issue 3,https://aisel.aisnet.org/jais/vol26/iss3/7,No Abstract,Wen Zhang,Baylor University
"Does Workforce Diversity, Equity, and Inclusion Prevent Patient Safety Incidents? A Double Machine Learning Approach",2025,Issue 3,https://aisel.aisnet.org/jais/vol26/iss3/6,No Abstract,Yichuan Wang,University of Sheffield
"Does Workforce Diversity, Equity, and Inclusion Prevent Patient Safety Incidents? A Double Machine Learning Approach",2025,Issue 3,https://aisel.aisnet.org/jais/vol26/iss3/6,No Abstract,Jiao Ji,University of Sheffield
"Does Workforce Diversity, Equity, and Inclusion Prevent Patient Safety Incidents? A Double Machine Learning Approach",2025,Issue 3,https://aisel.aisnet.org/jais/vol26/iss3/6,No Abstract,Minhao Zhang,University of Bristol
"Does Workforce Diversity, Equity, and Inclusion Prevent Patient Safety Incidents? A Double Machine Learning Approach",2025,Issue 3,https://aisel.aisnet.org/jais/vol26/iss3/6,No Abstract,Xiaojun Wang,University of Birmingham
What Is Augmented? A Metanarrative Review of AI-Based Augmentation,2025,Issue 3,https://aisel.aisnet.org/jais/vol26/iss3/5,No Abstract,Inès Baer,Vrije Universiteit Amsterdam
What Is Augmented? A Metanarrative Review of AI-Based Augmentation,2025,Issue 3,https://aisel.aisnet.org/jais/vol26/iss3/5,No Abstract,Lauren Waardenburg,ESSEC Business School
What Is Augmented? A Metanarrative Review of AI-Based Augmentation,2025,Issue 3,https://aisel.aisnet.org/jais/vol26/iss3/5,No Abstract,Marleen Huysman,Vrije Universiteit Amsterdam
Enhancing Customer Service Chatbot Effectiveness: The Effect of Dyadic Communication Traits on Customer Purchase Intention,2025,Issue 3,https://aisel.aisnet.org/jais/vol26/iss3/4,No Abstract,Ran Tan,University of Science and Technology of China
Enhancing Customer Service Chatbot Effectiveness: The Effect of Dyadic Communication Traits on Customer Purchase Intention,2025,Issue 3,https://aisel.aisnet.org/jais/vol26/iss3/4,No Abstract,Yang Li,Hefei University of Technology
Enhancing Customer Service Chatbot Effectiveness: The Effect of Dyadic Communication Traits on Customer Purchase Intention,2025,Issue 3,https://aisel.aisnet.org/jais/vol26/iss3/4,No Abstract,Qian Huang,University of Science and Technology of China
Enhancing Customer Service Chatbot Effectiveness: The Effect of Dyadic Communication Traits on Customer Purchase Intention,2025,Issue 3,https://aisel.aisnet.org/jais/vol26/iss3/4,No Abstract,Hefu Liu,University of Science and Technology of China
Computationally Intensive Research: Advancing a Role for Secondary Analysis of Qualitative Data,2025,Issue 3,https://aisel.aisnet.org/jais/vol26/iss3/3,No Abstract,Kaveh Mohajeri,IESEG School of Management
Computationally Intensive Research: Advancing a Role for Secondary Analysis of Qualitative Data,2025,Issue 3,https://aisel.aisnet.org/jais/vol26/iss3/3,No Abstract,Amir Karami,University of Alabama at Birmingham
Polarization or Bias: Take Your Click on Social Media,2025,Issue 3,https://aisel.aisnet.org/jais/vol26/iss3/2,No Abstract,Debabrata Dey,University of Kansas
Polarization or Bias: Take Your Click on Social Media,2025,Issue 3,https://aisel.aisnet.org/jais/vol26/iss3/2,No Abstract,Atanu Lahiri,University of Texas at Dallas
Polarization or Bias: Take Your Click on Social Media,2025,Issue 3,https://aisel.aisnet.org/jais/vol26/iss3/2,No Abstract,Rajiv Mukherjee,Texas A&M University
Achieving Reward-Based Crowdfunding Project Success: An Examination of Value Congruence,2025,Issue 3,https://aisel.aisnet.org/jais/vol26/iss3/1,No Abstract,Bright Frimpong,Washington and Lee University
Achieving Reward-Based Crowdfunding Project Success: An Examination of Value Congruence,2025,Issue 3,https://aisel.aisnet.org/jais/vol26/iss3/1,No Abstract,Emmanuel Ayaburi,Baylor University
Achieving Reward-Based Crowdfunding Project Success: An Examination of Value Congruence,2025,Issue 3,https://aisel.aisnet.org/jais/vol26/iss3/1,No Abstract,Francis Kofi Andoh-Baidoo,University of Texas Rio Grande Valley
"Journal of the Association for Information Systems, 25 Years In: Letting a Thousand Flowers Bloom and Keeping the Fences",2025,Issue 4,https://aisel.aisnet.org/jais/vol26/iss4/10,No Abstract,Monideepa Tarafdar,University of Massachusetts Amherst
"Journal of the Association for Information Systems, 25 Years In: Letting a Thousand Flowers Bloom and Keeping the Fences",2025,Issue 4,https://aisel.aisnet.org/jais/vol26/iss4/10,No Abstract,Hui Hao,University of Memphis
"Journal of the Association for Information Systems, 25 Years In: Letting a Thousand Flowers Bloom and Keeping the Fences",2025,Issue 4,https://aisel.aisnet.org/jais/vol26/iss4/10,No Abstract,Guohou Shan,Northeastern University
Corporate Nomads: Working at the Boundary Between Corporate Work and Digital Nomadism,2025,Issue 4,https://aisel.aisnet.org/jais/vol26/iss4/9,No Abstract,Julian Marx,The University of Melbourne
Corporate Nomads: Working at the Boundary Between Corporate Work and Digital Nomadism,2025,Issue 4,https://aisel.aisnet.org/jais/vol26/iss4/9,No Abstract,Milad Mirbabaie,University of Bamberg
Corporate Nomads: Working at the Boundary Between Corporate Work and Digital Nomadism,2025,Issue 4,https://aisel.aisnet.org/jais/vol26/iss4/9,No Abstract,Stefan Stieglitz,University of Potsdam
Persuading Chronically Ill Patients to Subscribe to Medical Services in Physician-Driven Online Health Communities,2025,Issue 4,https://aisel.aisnet.org/jais/vol26/iss4/8,No Abstract,Yan Li,Central University of Finance and Economics
Persuading Chronically Ill Patients to Subscribe to Medical Services in Physician-Driven Online Health Communities,2025,Issue 4,https://aisel.aisnet.org/jais/vol26/iss4/8,No Abstract,Haiyun (Melody) Zou,University of Warwick
Persuading Chronically Ill Patients to Subscribe to Medical Services in Physician-Driven Online Health Communities,2025,Issue 4,https://aisel.aisnet.org/jais/vol26/iss4/8,No Abstract,Juhee Kwon,City University of Hong Kong
Persuading Chronically Ill Patients to Subscribe to Medical Services in Physician-Driven Online Health Communities,2025,Issue 4,https://aisel.aisnet.org/jais/vol26/iss4/8,No Abstract,Yulin Fang,University of Hong Kong
Data Control Coordination in the Formation of Ecosystems in Highly Regulated Sectors,2025,Issue 4,https://aisel.aisnet.org/jais/vol26/iss4/7,No Abstract,Paolo Spagnoletti,Luiss University / University of Agder
Data Control Coordination in the Formation of Ecosystems in Highly Regulated Sectors,2025,Issue 4,https://aisel.aisnet.org/jais/vol26/iss4/7,No Abstract,Niloofar Kazemargi,D'Annunzio University
Data Control Coordination in the Formation of Ecosystems in Highly Regulated Sectors,2025,Issue 4,https://aisel.aisnet.org/jais/vol26/iss4/7,No Abstract,Panos Constantinides,University of Manchester
Data Control Coordination in the Formation of Ecosystems in Highly Regulated Sectors,2025,Issue 4,https://aisel.aisnet.org/jais/vol26/iss4/7,No Abstract,Andrea Prencipe,Luiss University
Capturing the “Social” in Social Networks: The Conceptualization and Empirical Application of Relational Quality,2025,Issue 4,https://aisel.aisnet.org/jais/vol26/iss4/6,No Abstract,Christian Meske,Ruhr University Bochum
Capturing the “Social” in Social Networks: The Conceptualization and Empirical Application of Relational Quality,2025,Issue 4,https://aisel.aisnet.org/jais/vol26/iss4/6,No Abstract,Iris Junglas,College of Charleston
Capturing the “Social” in Social Networks: The Conceptualization and Empirical Application of Relational Quality,2025,Issue 4,https://aisel.aisnet.org/jais/vol26/iss4/6,No Abstract,Matthias Trier,Paderborn University
Capturing the “Social” in Social Networks: The Conceptualization and Empirical Application of Relational Quality,2025,Issue 4,https://aisel.aisnet.org/jais/vol26/iss4/6,No Abstract,Johannes Schneider,University of Liechtenstein
Capturing the “Social” in Social Networks: The Conceptualization and Empirical Application of Relational Quality,2025,Issue 4,https://aisel.aisnet.org/jais/vol26/iss4/6,No Abstract,Roope Jaakonmäki,Hilti Group
Capturing the “Social” in Social Networks: The Conceptualization and Empirical Application of Relational Quality,2025,Issue 4,https://aisel.aisnet.org/jais/vol26/iss4/6,No Abstract,Jan vom Brocke,University of Muenster / University of Liechtenstein
Why Do We Follow Virtual Influencer Recommendations? Three Theoretical Explanations from Brain Data Tested with Self-Reports,2025,Issue 4,https://aisel.aisnet.org/jais/vol26/iss4/5,No Abstract,Anika Nissen,University of Hagen
Why Do We Follow Virtual Influencer Recommendations? Three Theoretical Explanations from Brain Data Tested with Self-Reports,2025,Issue 4,https://aisel.aisnet.org/jais/vol26/iss4/5,No Abstract,Colin Conrad,Dalhousie University
Why Do We Follow Virtual Influencer Recommendations? Three Theoretical Explanations from Brain Data Tested with Self-Reports,2025,Issue 4,https://aisel.aisnet.org/jais/vol26/iss4/5,No Abstract,Isabella Seeber,Grenoble Ecole de Management
Why Do We Follow Virtual Influencer Recommendations? Three Theoretical Explanations from Brain Data Tested with Self-Reports,2025,Issue 4,https://aisel.aisnet.org/jais/vol26/iss4/5,No Abstract,Aaron J. Newman,Dalhousie University
How Sentiment Divergence in Influencers’ Multimodal Social Media Posts Shapes Follower Engagement?,2025,Issue 4,https://aisel.aisnet.org/jais/vol26/iss4/4,No Abstract,Reza Alibakhshi,IE University
How Sentiment Divergence in Influencers’ Multimodal Social Media Posts Shapes Follower Engagement?,2025,Issue 4,https://aisel.aisnet.org/jais/vol26/iss4/4,No Abstract,Shirish C. Srivastava,HEC Paris
Examining Solver Performance in Crowdsourcing Contests: Does Ambidexterity Matter?,2025,Issue 4,https://aisel.aisnet.org/jais/vol26/iss4/3,No Abstract,Hua (Jonathan) Ye,University of Oklahoma
Examining Solver Performance in Crowdsourcing Contests: Does Ambidexterity Matter?,2025,Issue 4,https://aisel.aisnet.org/jais/vol26/iss4/3,No Abstract,Atreyi Kankanhalli,National University of Singapore
Examining Solver Performance in Crowdsourcing Contests: Does Ambidexterity Matter?,2025,Issue 4,https://aisel.aisnet.org/jais/vol26/iss4/3,No Abstract,Bernard C. Y. Tan,National University of Singapore
"Virtual Reality, Mental Models, and Mindful Decision-Making",2025,Issue 4,https://aisel.aisnet.org/jais/vol26/iss4/2,No Abstract,Heshan Sun,University of Oklahoma
"Virtual Reality, Mental Models, and Mindful Decision-Making",2025,Issue 4,https://aisel.aisnet.org/jais/vol26/iss4/2,No Abstract,Siyuan Li,William & Mary
"Virtual Reality, Mental Models, and Mindful Decision-Making",2025,Issue 4,https://aisel.aisnet.org/jais/vol26/iss4/2,No Abstract,"Shih-Lun ""Allen"" Tseng",Cleveland State University
"Virtual Reality, Mental Models, and Mindful Decision-Making",2025,Issue 4,https://aisel.aisnet.org/jais/vol26/iss4/2,No Abstract,Mary A. Peterson,University of Arizona
Empowering Marginalized Communities: A Framework for Social Inclusion,2025,Issue 4,https://aisel.aisnet.org/jais/vol26/iss4/1,No Abstract,Israr Qureshi,"Australian National University, Australia / Queen’s University Belfast"
Empowering Marginalized Communities: A Framework for Social Inclusion,2025,Issue 4,https://aisel.aisnet.org/jais/vol26/iss4/1,No Abstract,Babita Bhatt,"Australian National University, Australia / Queen’s University Belfast"
Empowering Marginalized Communities: A Framework for Social Inclusion,2025,Issue 4,https://aisel.aisnet.org/jais/vol26/iss4/1,No Abstract,Shena Shaikh,Indian Institute of Technology
Digital Responsibility: Current Perspectives and Future Directions,2025,Issue 5,https://aisel.aisnet.org/jais/vol26/iss5/10,No Abstract,Jan Recker,University of Hamburg
Digital Responsibility: Current Perspectives and Future Directions,2025,Issue 5,https://aisel.aisnet.org/jais/vol26/iss5/10,No Abstract,Sutirtha Chatterjee,"University of Nevada, Las Vegas"
Digital Responsibility: Current Perspectives and Future Directions,2025,Issue 5,https://aisel.aisnet.org/jais/vol26/iss5/10,No Abstract,Janina Sundermeier,Freie Universität Berlin
Digital Responsibility: Current Perspectives and Future Directions,2025,Issue 5,https://aisel.aisnet.org/jais/vol26/iss5/10,No Abstract,Monideepa Tarafdar,University of Massachusetts Amherst
An Empirical Investigation of Cloud Computing and Environmental Performance of Nations: Implications for Shared Responsibility in Cloud Computing,2025,Issue 5,https://aisel.aisnet.org/jais/vol26/iss5/9,No Abstract,Jooho Kim,"Baruch College, City University of New York"
An Empirical Investigation of Cloud Computing and Environmental Performance of Nations: Implications for Shared Responsibility in Cloud Computing,2025,Issue 5,https://aisel.aisnet.org/jais/vol26/iss5/9,No Abstract,Jiyong Park,University of Georgia
An Empirical Investigation of Cloud Computing and Environmental Performance of Nations: Implications for Shared Responsibility in Cloud Computing,2025,Issue 5,https://aisel.aisnet.org/jais/vol26/iss5/9,No Abstract,Jason Dedrick,Syracuse University
The Effects of IP Address Revelation on Location-Based Name-Calling and User Engagement: Evidence From a Chinese Online Platform,2025,Issue 5,https://aisel.aisnet.org/jais/vol26/iss5/8,No Abstract,Yuxin Zhang,Wayne State University
The Effects of IP Address Revelation on Location-Based Name-Calling and User Engagement: Evidence From a Chinese Online Platform,2025,Issue 5,https://aisel.aisnet.org/jais/vol26/iss5/8,No Abstract,Dafeng Xu,University of Washington
Navigating Value Conflicts: How Developers at Varied Levels of Moral Development Approach Decision-Making in Information Systems Development,2025,Issue 5,https://aisel.aisnet.org/jais/vol26/iss5/7,No Abstract,Khalid Durani,University of Innsbruck
Navigating Value Conflicts: How Developers at Varied Levels of Moral Development Approach Decision-Making in Information Systems Development,2025,Issue 5,https://aisel.aisnet.org/jais/vol26/iss5/7,No Abstract,Andreas Eckhardt,University of Innsbruck
Navigating Value Conflicts: How Developers at Varied Levels of Moral Development Approach Decision-Making in Information Systems Development,2025,Issue 5,https://aisel.aisnet.org/jais/vol26/iss5/7,No Abstract,Tim Kollmer,University of Innsbruck
"Responsible AI Design: The Authenticity, Control, Transparency Theory",2025,Issue 5,https://aisel.aisnet.org/jais/vol26/iss5/6,No Abstract,Andrea Rivera,"University of Hawaii, Manoa"
"Responsible AI Design: The Authenticity, Control, Transparency Theory",2025,Issue 5,https://aisel.aisnet.org/jais/vol26/iss5/6,No Abstract,Kaveh Abhari,San Diego State University
"Responsible AI Design: The Authenticity, Control, Transparency Theory",2025,Issue 5,https://aisel.aisnet.org/jais/vol26/iss5/6,No Abstract,Bo Xiao,University of Hawaii at Manoa
What Goals Drive Employees’ Information Systems Security Behaviors? A Mixed Methods Study of Employees’ Goals in the Workplace,2025,Issue 5,https://aisel.aisnet.org/jais/vol26/iss5/5,No Abstract,Sebastian Schuetz,University of Colorado Boulder
What Goals Drive Employees’ Information Systems Security Behaviors? A Mixed Methods Study of Employees’ Goals in the Workplace,2025,Issue 5,https://aisel.aisnet.org/jais/vol26/iss5/5,No Abstract,Heiko Gewald,Neu-Ulm University of Applied Sciences
What Goals Drive Employees’ Information Systems Security Behaviors? A Mixed Methods Study of Employees’ Goals in the Workplace,2025,Issue 5,https://aisel.aisnet.org/jais/vol26/iss5/5,No Abstract,Allen Johnston,University of Alabama
What Goals Drive Employees’ Information Systems Security Behaviors? A Mixed Methods Study of Employees’ Goals in the Workplace,2025,Issue 5,https://aisel.aisnet.org/jais/vol26/iss5/5,No Abstract,Jason Bennett Thatcher,University of Colorado Boulder
CIO Structural Power and Corporate Social Performance,2025,Issue 5,https://aisel.aisnet.org/jais/vol26/iss5/4,No Abstract,Cong Feng,University of Mississippi
CIO Structural Power and Corporate Social Performance,2025,Issue 5,https://aisel.aisnet.org/jais/vol26/iss5/4,No Abstract,Pankaj C. Patel,Villanova University
CIO Structural Power and Corporate Social Performance,2025,Issue 5,https://aisel.aisnet.org/jais/vol26/iss5/4,No Abstract,Scott Fay,Syracuse University
CIO Structural Power and Corporate Social Performance,2025,Issue 5,https://aisel.aisnet.org/jais/vol26/iss5/4,No Abstract,Huigang Liang,University of Memphis
Unlocking the Power of User Tie Strength: A Multistudy on Cross-Platform Content Sharing Behaviors,2025,Issue 5,https://aisel.aisnet.org/jais/vol26/iss5/3,No Abstract,Jie Su,Wuhan University
Unlocking the Power of User Tie Strength: A Multistudy on Cross-Platform Content Sharing Behaviors,2025,Issue 5,https://aisel.aisnet.org/jais/vol26/iss5/3,No Abstract,Xin (Robert) Luo,University of New Mexico
Unlocking the Power of User Tie Strength: A Multistudy on Cross-Platform Content Sharing Behaviors,2025,Issue 5,https://aisel.aisnet.org/jais/vol26/iss5/3,No Abstract,Han Li,University of New Mexico
Unlocking the Power of User Tie Strength: A Multistudy on Cross-Platform Content Sharing Behaviors,2025,Issue 5,https://aisel.aisnet.org/jais/vol26/iss5/3,No Abstract,Haowen Xiao,Hainan University
From Links to Likes: Evidence From a Social Commerce Platform,2025,Issue 5,https://aisel.aisnet.org/jais/vol26/iss5/2,No Abstract,Xiaoye Cheng,University of Delaware
From Links to Likes: Evidence From a Social Commerce Platform,2025,Issue 5,https://aisel.aisnet.org/jais/vol26/iss5/2,No Abstract,Hillol Bala,Indiana University
From Links to Likes: Evidence From a Social Commerce Platform,2025,Issue 5,https://aisel.aisnet.org/jais/vol26/iss5/2,No Abstract,Xue (Jane) Tan,Southern Methodist University
GASP: A Graph Augmentation-Based Approach for Sign Prediction of Ties in Social Networks,2025,Issue 5,https://aisel.aisnet.org/jais/vol26/iss5/1,No Abstract,Mukul Gupta,Indian Institute of Management Indore
GASP: A Graph Augmentation-Based Approach for Sign Prediction of Ties in Social Networks,2025,Issue 5,https://aisel.aisnet.org/jais/vol26/iss5/1,No Abstract,Samrat Gupta,Indian Institute of Management Ahmedabad / University of Agder
GASP: A Graph Augmentation-Based Approach for Sign Prediction of Ties in Social Networks,2025,Issue 5,https://aisel.aisnet.org/jais/vol26/iss5/1,No Abstract,Giri Kumar Tayi,"University at Albany, SUNY"
